first_name,last_name,email,phone_number,username
Hew,Misselbrook,hmisselbrook0@hostgator.com,26,hmisselbrook0
Isis,Renzullo,irenzullo1@joomla.org,5,irenzullo1
Moselle,Keepin,mkeepin2@dmoz.org,47,mkeepin2
Betty,Pol,bpol3@ow.ly,17,bpol3
Hesther,Quarmby,hquarmby4@who.int,57,hquarmby4
Aurel,Byford,abyford5@hubpages.com,99,abyford5
Linda,Quant,lquant6@thetimes.co.uk,14,lquant6
Kaia,Ortells,kortells7@adobe.com,67,kortells7
Brandie,Miall,bmiall8@indiatimes.com,26,bmiall8
Rodge,Swadden,rswadden9@addtoany.com,15,rswadden9
Louis,MacGiany,lmacgianya@yale.edu,47,lmacgianya
Amalia,Hellen,ahellenb@nsw.gov.au,38,ahellenb
Sephira,Oswick,soswickc@cpanel.net,39,soswickc
Bert,Walkowski,bwalkowskid@taobao.com,78,bwalkowskid
Jobyna,Tunbridge,jtunbridgee@marketwatch.com,66,jtunbridgee
Ripley,Powney,rpowneyf@exblog.jp,85,rpowneyf
Angus,Heinel,aheinelg@cbsnews.com,38,aheinelg
Ogdon,Cawdell,ocawdellh@php.net,39,ocawdellh
Pammie,McTavy,pmctavyi@ehow.com,12,pmctavyi
Gauthier,Borchardt,gborchardtj@goodreads.com,53,gborchardtj
Bernardo,Silbert,bsilbertk@themeforest.net,76,bsilbertk
Dudley,Doswell,ddoswelll@typepad.com,66,ddoswelll
Mira,Aspell,maspellm@timesonline.co.uk,89,maspellm
Lilla,Heinsen,lheinsenn@bbb.org,64,lheinsenn
Robb,MacCourt,rmaccourto@japanpost.jp,54,rmaccourto
Dorolisa,Rosle,droslep@cbslocal.com,30,droslep
Babbie,Hooks,bhooksq@ebay.co.uk,70,bhooksq
Correy,Bryning,cbryningr@about.com,38,cbryningr
Linoel,Trunchion,ltrunchions@ft.com,3,ltrunchions
Galen,Brakespear,gbrakespeart@gravatar.com,96,gbrakespeart
Sloan,Haggie,shaggieu@ycombinator.com,95,shaggieu
Brennen,Atkyns,batkynsv@blog.com,61,batkynsv
Cullie,Linfitt,clinfittw@fc2.com,14,clinfittw
Deedee,Beament,dbeamentx@oaic.gov.au,54,dbeamentx
Eli,Nilges,enilgesy@goo.gl,42,enilgesy
Jeffy,Jeanon,jjeanonz@eepurl.com,70,jjeanonz
Nicki,Pratty,npratty10@constantcontact.com,88,npratty10
Diarmid,Emnoney,demnoney11@blogspot.com,9,demnoney11
Jethro,Eilhersen,jeilhersen12@nhs.uk,76,jeilhersen12
Collen,Giuroni,cgiuroni13@auda.org.au,45,cgiuroni13
Elmer,Tuffield,etuffield14@virginia.edu,72,etuffield14
Rheba,Wearn,rwearn15@howstuffworks.com,83,rwearn15
Terry,Kraut,tkraut16@alibaba.com,93,tkraut16
Gilbert,Long,glong17@ed.gov,35,glong17
Giorgio,Vowell,gvowell18@ibm.com,63,gvowell18
Julina,Garron,jgarron19@ox.ac.uk,60,jgarron19
Gwenette,Sambedge,gsambedge1a@phoca.cz,45,gsambedge1a
Maddie,Lethby,mlethby1b@yale.edu,42,mlethby1b
Mateo,Adam,madam1c@amazon.co.jp,15,madam1c
Aida,Robiot,arobiot1d@aol.com,67,arobiot1d
Elinor,Sorensen,esorensen1e@livejournal.com,29,esorensen1e
Padraic,Saph,psaph1f@japanpost.jp,91,psaph1f
Nehemiah,Scoyles,nscoyles1g@biglobe.ne.jp,54,nscoyles1g
Ambrose,Moorman,amoorman1h@redcross.org,61,amoorman1h
Cecilio,Matyashev,cmatyashev1i@storify.com,60,cmatyashev1i
Tremain,Kuhwald,tkuhwald1j@storify.com,33,tkuhwald1j
Rikki,Alsina,ralsina1k@hp.com,70,ralsina1k
Bea,Cymper,bcymper1l@alexa.com,96,bcymper1l
Flori,Wallsam,fwallsam1m@un.org,11,fwallsam1m
Morty,Postles,mpostles1n@princeton.edu,93,mpostles1n
Janith,Capp,jcapp1o@theglobeandmail.com,5,jcapp1o
Verney,Cappineer,vcappineer1p@foxnews.com,67,vcappineer1p
Jordain,Rowth,jrowth1q@ning.com,29,jrowth1q
Johnette,Maynell,jmaynell1r@senate.gov,17,jmaynell1r
Yalonda,Attwell,yattwell1s@ycombinator.com,69,yattwell1s
Katerina,Fendley,kfendley1t@usa.gov,14,kfendley1t
Annalee,Upshall,aupshall1u@amazon.co.uk,89,aupshall1u
Nance,Douthwaite,ndouthwaite1v@google.it,17,ndouthwaite1v
Maggi,Aronin,maronin1w@nps.gov,68,maronin1w
Shae,Pankethman,spankethman1x@microsoft.com,21,spankethman1x
Hubie,McMurraya,hmcmurraya1y@hugedomains.com,58,hmcmurraya1y
Vin,Valadez,vvaladez1z@ted.com,84,vvaladez1z
Early,Ruggs,eruggs20@youtube.com,48,eruggs20
Sile,Voas,svoas21@csmonitor.com,18,svoas21
Ulrike,Levett,ulevett22@dot.gov,6,ulevett22
Loutitia,Lister,llister23@flavors.me,45,llister23
Shepperd,Colvie,scolvie24@abc.net.au,98,scolvie24
Nanon,Hughill,nhughill25@va.gov,27,nhughill25
Melinda,Samuels,msamuels26@slashdot.org,89,msamuels26
Bryn,Isacq,bisacq27@qq.com,79,bisacq27
Amalle,Rylatt,arylatt28@smugmug.com,5,arylatt28
Edgard,Tookill,etookill29@sogou.com,17,etookill29
Iorgos,Thumann,ithumann2a@paypal.com,5,ithumann2a
Britteny,Jahndel,bjahndel2b@plala.or.jp,25,bjahndel2b
Winni,Dean,wdean2c@360.cn,49,wdean2c
Ernesta,Keuntje,ekeuntje2d@comcast.net,93,ekeuntje2d
Cross,Balloch,cballoch2e@w3.org,57,cballoch2e
Cesya,Haquin,chaquin2f@mac.com,84,chaquin2f
Gauthier,Gotter,ggotter2g@wunderground.com,16,ggotter2g
Blayne,Rate,brate2h@woothemes.com,69,brate2h
Evangelia,Bazeley,ebazeley2i@google.com,72,ebazeley2i
Forrester,MacRory,fmacrory2j@slate.com,76,fmacrory2j
Gus,Mariaud,gmariaud2k@mozilla.com,6,gmariaud2k
Forest,Minichillo,fminichillo2l@people.com.cn,92,fminichillo2l
Sybil,Russan,srussan2m@reuters.com,48,srussan2m
Madalyn,Doreward,mdoreward2n@google.pl,64,mdoreward2n
Perren,Bowdon,pbowdon2o@unicef.org,75,pbowdon2o
Porty,Stathor,pstathor2p@hc360.com,80,pstathor2p
Pollyanna,Hesbrook,phesbrook2q@qq.com,84,phesbrook2q
Sibel,Beglin,sbeglin2r@github.com,13,sbeglin2r
