first_name,last_name,email,gender,age
Edie,Iacoboni,eiacoboni0@biblegateway.com,Bigender,86
Rodrique,Sugars,rsugars1@dyndns.org,Male,36
Graig,Quinney,gquinney2@gravatar.com,Male,22
Shelba,Mickelwright,smickelwright3@trellian.com,Female,38
Marylee,Fitkin,mfitkin4@jalbum.net,Female,62
Nelli,Blaisdale,nblaisdale5@edublogs.org,Female,94
Rabbi,Diehn,rdiehn6@yale.edu,Agender,13
Ardella,Spiaggia,aspiaggia7@springer.com,Female,10
Conn,Skuse,cskuse8@arstechnica.com,Male,20
Bank,Boatswain,bboatswain9@umn.edu,Male,45
Lou,Dollimore,ldollimorea@sourceforge.net,Female,29
Danita,Ferentz,dferentzb@domainmarket.com,Female,24
Jody,Eldrett,jeldrettc@topsy.com,Female,72
Leland,Vakhonin,lvakhonind@home.pl,Male,9
Sallee,Brimilcome,sbrimilcomee@senate.gov,Female,13
Benjy,Willgoose,bwillgoosef@princeton.edu,Male,78
Chester,Budleigh,cbudleighg@furl.net,Male,41
Leoline,Kemston,lkemstonh@shinystat.com,Female,36
Maryellen,Speer,mspeeri@sciencedaily.com,Female,99
Elroy,Paradis,eparadisj@ow.ly,Male,2
Barnie,Barkway,bbarkwayk@independent.co.uk,Male,72
Vance,Sewart,vsewartl@foxnews.com,Male,67
Morten,Harral,mharralm@adobe.com,Male,53
Consalve,Blesdill,cblesdilln@archive.org,Male,41
Arel,Goede,agoedeo@nytimes.com,Male,62
Mart,Dysart,mdysartp@ow.ly,Male,38
Deidre,Forsard,dforsardq@un.org,Female,30
Husain,Hold,hholdr@gravatar.com,Agender,83
Galvin,Cunde,gcundes@time.com,Male,68
Erena,Kernermann,ekernermannt@skype.com,Female,42
Del,Maciaszczyk,dmaciaszczyku@about.me,Female,25
Mervin,Kohring,mkohringv@mediafire.com,Male,34
Franklin,Elliott,felliottw@businessinsider.com,Male,87
Lezlie,Persent,lpersentx@java.com,Female,43
Noel,Gerald,ngeraldy@msn.com,Female,19
Debor,Marxsen,dmarxsenz@homestead.com,Agender,14
Wynny,Oller,woller10@nasa.gov,Female,84
Donny,Feldhammer,dfeldhammer11@wp.com,Female,54
Yanaton,Greensides,ygreensides12@jiathis.com,Male,79
Hannis,Calver,hcalver13@dailymotion.com,Female,77
Thibaut,Ambrozik,tambrozik14@livejournal.com,Male,34
Tammy,MacKessock,tmackessock15@dmoz.org,Bigender,7
Gar,Goatman,ggoatman16@sciencedirect.com,Male,19
Sarge,Tallon,stallon17@netscape.com,Non-binary,20
Annabela,Fayerbrother,afayerbrother18@sogou.com,Female,16
Annmarie,Siberry,asiberry19@vinaora.com,Polygender,62
Illa,Bangle,ibangle1a@guardian.co.uk,Female,76
Ignatius,Reside,ireside1b@clickbank.net,Male,98
Grace,Corkill,gcorkill1c@auda.org.au,Female,34
Roarke,Carcas,rcarcas1d@walmart.com,Male,47
Berton,Jobern,bjobern1e@theglobeandmail.com,Male,45
Normy,Thunders,nthunders1f@canalblog.com,Male,56
Orella,Jozaitis,ojozaitis1g@woothemes.com,Genderfluid,64
Traci,Torregiani,ttorregiani1h@apple.com,Female,6
Joseph,Gatheridge,jgatheridge1i@wikimedia.org,Male,64
Selby,Kingsnoad,skingsnoad1j@github.io,Male,35
Mickie,Vuitton,mvuitton1k@yandex.ru,Agender,83
Rustin,Luparto,rluparto1l@paypal.com,Male,12
Theadora,Verbrugge,tverbrugge1m@taobao.com,Female,43
Adolpho,Loghan,aloghan1n@meetup.com,Male,34
Morty,Beushaw,mbeushaw1o@ucla.edu,Male,3
Bibby,Caudrey,bcaudrey1p@dailymail.co.uk,Female,9
Ciel,Yeates,cyeates1q@chronoengine.com,Bigender,40
Marjie,Connelly,mconnelly1r@berkeley.edu,Female,79
Lib,Sigart,lsigart1s@addtoany.com,Female,35
Deck,Stephens,dstephens1t@ustream.tv,Male,50
Thayne,Pattie,tpattie1u@ameblo.jp,Male,70
Borg,Manoch,bmanoch1v@php.net,Genderfluid,17
Calley,Dolan,cdolan1w@prnewswire.com,Female,91
Cornie,Horche,chorche1x@ezinearticles.com,Female,95
Gilberte,Hugk,ghugk1y@vistaprint.com,Female,68
Maximilian,Cunningham,mcunningham1z@nhs.uk,Male,85
Alika,Keyme,akeyme20@pen.io,Genderfluid,26
Monro,Drescher,mdrescher21@lycos.com,Male,71
Mady,Koubek,mkoubek22@nature.com,Female,100
Erastus,Stanier,estanier23@java.com,Male,98
Merla,Klezmski,mklezmski24@delicious.com,Female,9
Jenn,Carrick,jcarrick25@howstuffworks.com,Female,37
Ezri,Tampen,etampen26@cbsnews.com,Male,2
Evonne,Jagiello,ejagiello27@google.pl,Female,63
Reba,Llop,rllop28@time.com,Female,79
Timmie,Farfolomeev,tfarfolomeev29@goo.ne.jp,Female,72
Katya,Jouen,kjouen2a@fc2.com,Female,28
Marcile,Sword,msword2b@deviantart.com,Female,49
Jillayne,Fox,jfox2c@mediafire.com,Female,7
Ashly,Fargher,afargher2d@xinhuanet.com,Female,26
Yardley,Crafts,ycrafts2e@etsy.com,Male,99
Kirstyn,Daintree,kdaintree2f@meetup.com,Agender,21
Sunshine,Bernhard,sbernhard2g@edublogs.org,Female,17
Ida,Goodspeed,igoodspeed2h@indiegogo.com,Female,25
Stefa,Fatscher,sfatscher2i@discovery.com,Female,41
Krishna,Gulk,kgulk2j@forbes.com,Male,40
Arel,Dyball,adyball2k@privacy.gov.au,Male,100
Ricardo,Jackling,rjackling2l@booking.com,Male,22
Celinka,Nolleth,cnolleth2m@wikia.com,Non-binary,86
Fanchette,Cheatle,fcheatle2n@e-recht24.de,Female,5
Jaimie,Wigsell,jwigsell2o@prlog.org,Female,83
Mickie,Cotterel,mcotterel2p@sogou.com,Female,37
Bibbye,Wreiford,bwreiford2q@ocn.ne.jp,Female,10
Cam,MacCahey,cmaccahey2r@apache.org,Male,67
Dolorita,Stigger,dstigger2s@sourceforge.net,Female,17
Janel,Mosdall,jmosdall2t@joomla.org,Female,60
Fair,Theobalds,ftheobalds2u@go.com,Male,77
Allis,Aveling,aaveling2v@cdc.gov,Female,7
Olivette,Gierek,ogierek2w@is.gd,Female,44
Sayre,Southby,ssouthby2x@arstechnica.com,Female,13
Rodrigo,Brosius,rbrosius2y@wikispaces.com,Male,100
Ricard,Van Der Straaten,rvanderstraaten2z@ca.gov,Male,77
Dukie,Tweddell,dtweddell30@phoca.cz,Male,15
Kaela,Boam,kboam31@engadget.com,Female,35
Evvie,Phebee,ephebee32@columbia.edu,Female,33
Bevan,Penman,bpenman33@shinystat.com,Male,71
Willey,Asbrey,wasbrey34@ucoz.ru,Male,28
Sarena,Doak,sdoak35@meetup.com,Female,86
Kacy,Fahy,kfahy36@deliciousdays.com,Female,57
Kaitlynn,Rubinek,krubinek37@1und1.de,Female,25
Reeta,Galvin,rgalvin38@boston.com,Female,34
Margery,Blandford,mblandford39@mozilla.com,Female,37
Simeon,Chester,schester3a@bravesites.com,Male,49
Jarib,Kowalik,jkowalik3b@mayoclinic.com,Male,52
Colas,Mersey,cmersey3c@hostgator.com,Male,79
Selig,Parsonson,sparsonson3d@gmpg.org,Male,17
Nicola,Clendening,nclendening3e@kickstarter.com,Male,30
Saundra,Python,spython3f@netscape.com,Male,49
Burgess,Woloschinski,bwoloschinski3g@wikia.com,Male,50
Pegeen,Doxsey,pdoxsey3h@latimes.com,Female,25
Dickie,Gottschalk,dgottschalk3i@berkeley.edu,Male,54
Clotilda,Harg,charg3j@desdev.cn,Female,48
Kaile,Clyma,kclyma3k@dion.ne.jp,Female,99
Sybyl,Gonsalo,sgonsalo3l@nytimes.com,Female,91
Idelle,Forlonge,iforlonge3m@sohu.com,Female,34
Jabez,Slimings,jslimings3n@yahoo.com,Male,61
Laurianne,Kesteven,lkesteven3o@paypal.com,Female,89
Golda,Aleswell,galeswell3p@hostgator.com,Genderqueer,83
Dorella,Nelligan,dnelligan3q@ask.com,Female,9
Gibbie,Andres,gandres3r@indiegogo.com,Male,71
Wynnie,Maryott,wmaryott3s@livejournal.com,Female,43
Lucy,Hendrickx,lhendrickx3t@sohu.com,Female,51
Tally,Ketteman,tketteman3u@4shared.com,Male,87
Basia,Hairyes,bhairyes3v@dell.com,Female,1
Derron,Borris,dborris3w@alibaba.com,Male,51
Sarena,De Blasiis,sdeblasiis3x@blogtalkradio.com,Female,13
Isak,Hamblett,ihamblett3y@ted.com,Male,20
Clea,Pargetter,cpargetter3z@bandcamp.com,Female,35
Cristi,Claremont,cclaremont40@artisteer.com,Female,87
Allyn,Trewhela,atrewhela41@icq.com,Male,78
Aristotle,O'Rudden,aorudden42@hibu.com,Male,6
Rea,Lapere,rlapere43@indiatimes.com,Female,13
Craig,Domney,cdomney44@is.gd,Male,93
Valentijn,Ginnelly,vginnelly45@soundcloud.com,Male,99
Alis,Koppeck,akoppeck46@themeforest.net,Female,71
Malinda,Brech,mbrech47@cbsnews.com,Female,37
Allin,Dmitrienko,admitrienko48@wp.com,Male,51
Lek,Tuff,ltuff49@redcross.org,Male,53
Shell,Costerd,scosterd4a@geocities.jp,Male,1
Robin,Grimster,rgrimster4b@joomla.org,Male,22
Inigo,Rudram,irudram4c@engadget.com,Male,74
Martguerita,Teek,mteek4d@amazon.de,Female,53
Emelda,Antonescu,eantonescu4e@jugem.jp,Female,77
Melinda,Zanicchelli,mzanicchelli4f@state.gov,Female,81
Chrissie,Winscom,cwinscom4g@dyndns.org,Male,65
Ursa,Milmo,umilmo4h@prweb.com,Female,61
Sheba,Santino,ssantino4i@opensource.org,Female,57
Arch,MacNally,amacnally4j@etsy.com,Male,95
Gretel,Calafate,gcalafate4k@infoseek.co.jp,Female,26
Fin,Mazey,fmazey4l@fema.gov,Male,29
Allene,Tombs,atombs4m@virginia.edu,Female,3
Jackquelin,Hundey,jhundey4n@booking.com,Female,43
Monique,Andrew,mandrew4o@cbslocal.com,Female,53
Grenville,Bruford,gbruford4p@ebay.co.uk,Male,15
Early,Hurleston,ehurleston4q@google.ca,Male,41
Misty,Roderham,mroderham4r@delicious.com,Female,56
Cherida,Bote,cbote4s@infoseek.co.jp,Female,79
Hayyim,Brea,hbrea4t@gov.uk,Male,94
Ardis,Jinkin,ajinkin4u@scribd.com,Female,56
Sharona,Handrahan,shandrahan4v@rambler.ru,Female,98
Karrie,Mitcham,kmitcham4w@feedburner.com,Female,55
Slade,Storah,sstorah4x@mac.com,Male,39
Royce,Southard,rsouthard4y@mediafire.com,Male,10
Nick,Vala,nvala4z@gov.uk,Male,72
Louise,Book,lbook50@csmonitor.com,Female,82
Shawna,Leftridge,sleftridge51@bluehost.com,Non-binary,27
Sarena,Forsard,sforsard52@networkadvertising.org,Female,46
Harley,Le Marchant,hlemarchant53@aol.com,Female,15
Mattheus,Dallmann,mdallmann54@house.gov,Male,24
Mozelle,Fedynski,mfedynski55@indiegogo.com,Female,88
Orly,Eshmade,oeshmade56@miibeian.gov.cn,Female,23
Guido,O'Shiels,goshiels57@weather.com,Male,88
Laryssa,Janz,ljanz58@blogspot.com,Female,28
Inge,Jansson,ijansson59@addtoany.com,Female,76
Granny,Rodmell,grodmell5a@yandex.ru,Male,77
Eugenio,Cogswell,ecogswell5b@myspace.com,Male,57
Denyse,Arnopp,darnopp5c@mozilla.org,Female,61
Sanders,Onions,sonions5d@technorati.com,Male,48
Emalia,Waplington,ewaplington5e@cam.ac.uk,Female,64
Randolph,Camilio,rcamilio5f@wix.com,Male,78
Frannie,Cometti,fcometti5g@dagondesign.com,Female,44
Curr,Jaggli,cjaggli5h@skype.com,Male,7
Juieta,Ayllett,jayllett5i@csmonitor.com,Female,22
Renie,Di Domenico,rdidomenico5j@rambler.ru,Female,96
Symon,Gigg,sgigg5k@gmpg.org,Male,87
Ajay,Izac,aizac5l@salon.com,Female,67
Allistir,Colliard,acolliard5m@i2i.jp,Male,74
Scotty,Grodden,sgrodden5n@geocities.com,Male,22
Cully,McKinie,cmckinie5o@dot.gov,Male,1
Fran,Dummigan,fdummigan5p@dropbox.com,Male,60
Jerrine,Couves,jcouves5q@reuters.com,Female,23
Godfrey,Tooher,gtooher5r@stumbleupon.com,Male,90
Simon,Di Biagio,sdibiagio5s@salon.com,Male,54
Mariele,Bezarra,mbezarra5t@springer.com,Female,13
Sibyl,Wildman,swildman5u@redcross.org,Male,17
Gabriella,Rolles,grolles5v@nasa.gov,Female,23
Jedidiah,Dole,jdole5w@chronoengine.com,Bigender,22
Benedetto,Keyhoe,bkeyhoe5x@youku.com,Male,41
Angelita,Gon,agon5y@shutterfly.com,Female,55
Oswell,Litherborough,olitherborough5z@clickbank.net,Bigender,76
Star,Brugden,sbrugden60@accuweather.com,Female,32
Randall,Beveredge,rbeveredge61@soup.io,Genderfluid,95
Caria,Juzek,cjuzek62@upenn.edu,Female,36
Juana,Symmers,jsymmers63@netlog.com,Non-binary,73
Letisha,Sheerin,lsheerin64@state.tx.us,Bigender,70
Mireille,Driffill,mdriffill65@squarespace.com,Female,58
Fredi,Kemson,fkemson66@nih.gov,Female,74
Elvis,Collecott,ecollecott67@nba.com,Agender,33
Kerrill,Preddy,kpreddy68@elpais.com,Non-binary,70
Tate,Nowakowska,tnowakowska69@vistaprint.com,Female,57
Leigha,Greenley,lgreenley6a@netscape.com,Female,17
Merwyn,Amies,mamies6b@columbia.edu,Male,18
Melina,Baum,mbaum6c@phpbb.com,Female,30
Pepito,Austwick,paustwick6d@github.io,Male,52
Tadio,McVeighty,tmcveighty6e@prlog.org,Male,39
Paxton,Veivers,pveivers6f@bloglines.com,Male,30
Anson,Roffey,aroffey6g@ustream.tv,Male,22
Augustina,Tarbox,atarbox6h@privacy.gov.au,Female,43
Dulce,Togher,dtogher6i@clickbank.net,Female,50
Gertrude,Mulles,gmulles6j@behance.net,Female,47
Adore,Bassom,abassom6k@wunderground.com,Female,87
Giacinta,Tortoishell,gtortoishell6l@ustream.tv,Female,2
Skippy,Quince,squince6m@live.com,Male,67
Jorey,Gopsill,jgopsill6n@sakura.ne.jp,Female,57
Marsha,Canniffe,mcanniffe6o@digg.com,Female,24
Rickard,Bahl,rbahl6p@globo.com,Male,4
Harv,Sellens,hsellens6q@cocolog-nifty.com,Male,22
Boycey,Neller,bneller6r@fastcompany.com,Male,65
Obie,Norheny,onorheny6s@51.la,Male,46
Marlee,Tomkys,mtomkys6t@eventbrite.com,Agender,67
Dasie,Giacomelli,dgiacomelli6u@hhs.gov,Female,9
Winfred,Kitcat,wkitcat6v@imageshack.us,Male,95
Stearne,Goundsy,sgoundsy6w@miitbeian.gov.cn,Bigender,64
Wendi,Board,wboard6x@bloomberg.com,Female,20
Anne-corinne,Piele,apiele6y@seesaa.net,Bigender,24
Livvie,Northeast,lnortheast6z@cmu.edu,Female,22
Emory,Thireau,ethireau70@about.com,Male,67
Sidonnie,Wesgate,swesgate71@furl.net,Female,45
Marlo,Sidwick,msidwick72@nih.gov,Male,70
Whit,Mainson,wmainson73@1und1.de,Male,77
Aurora,Koppens,akoppens74@cornell.edu,Female,84
Clayton,Foxworthy,cfoxworthy75@bbb.org,Male,84
Frankie,Comiam,fcomiam76@sina.com.cn,Male,49
Diana,Blunsden,dblunsden77@theatlantic.com,Female,75
Melisenda,Ielden,mielden78@bloomberg.com,Female,52
Flor,Warlton,fwarlton79@dropbox.com,Polygender,55
Chloette,Boulds,cboulds7a@mozilla.com,Female,24
Kristin,Godly,kgodly7b@hhs.gov,Genderfluid,36
Arney,Lainton,alainton7c@google.ca,Male,91
Oby,Maylin,omaylin7d@ted.com,Male,42
Sinclare,Bodley,sbodley7e@sogou.com,Non-binary,72
Feodora,Bleythin,fbleythin7f@scientificamerican.com,Female,81
Steffen,Barnaclough,sbarnaclough7g@mapquest.com,Polygender,78
Nikolai,Gribbins,ngribbins7h@marketwatch.com,Male,32
Sherline,Watchorn,swatchorn7i@gizmodo.com,Female,67
Adelind,Bringloe,abringloe7j@bbb.org,Female,50
Micki,Tanser,mtanser7k@icio.us,Female,63
Florry,Dolling,fdolling7l@amazon.com,Female,43
Isiahi,Brandham,ibrandham7m@yellowbook.com,Male,31
Zitella,Soigoux,zsoigoux7n@vkontakte.ru,Female,11
Etheline,Pluck,epluck7o@bbb.org,Female,31
Mozes,Vales,mvales7p@bbb.org,Male,4
Benson,Rubbens,brubbens7q@php.net,Male,31
Alison,Skillington,askillington7r@feedburner.com,Female,40
Paulo,Gisburne,pgisburne7s@nytimes.com,Male,3
Slade,Wurst,swurst7t@amazon.co.uk,Male,65
Corbet,Chellenham,cchellenham7u@google.co.uk,Male,36
Marlowe,Peskett,mpeskett7v@liveinternet.ru,Male,2
Kerianne,Hoofe,khoofe7w@ftc.gov,Female,90
Marget,Barde,mbarde7x@google.de,Female,30
Mic,Gallen,mgallen7y@indiegogo.com,Male,36
Franklin,Fever,ffever7z@yahoo.co.jp,Male,88
Lind,Matts,lmatts80@constantcontact.com,Male,84
Denny,Laviss,dlaviss81@soup.io,Male,92
Klara,Patrickson,kpatrickson82@deviantart.com,Female,4
Rori,Pettet,rpettet83@jalbum.net,Female,37
Lazar,Tomaszczyk,ltomaszczyk84@newsvine.com,Male,55
Erinna,Hubble,ehubble85@patch.com,Female,57
Shelley,De Ruel,sderuel86@freewebs.com,Male,96
Tatiania,Andreini,tandreini87@tiny.cc,Female,17
Richardo,Poppleton,rpoppleton88@usatoday.com,Male,69
Carmon,Jahndel,cjahndel89@artisteer.com,Female,46
Merline,Sandcroft,msandcroft8a@twitpic.com,Female,1
Adey,Dunsire,adunsire8b@skype.com,Female,12
Krystle,Colledge,kcolledge8c@mayoclinic.com,Polygender,30
Willow,Beat,wbeat8d@desdev.cn,Female,37
Justis,Pixton,jpixton8e@seesaa.net,Male,77
Vanessa,Truluck,vtruluck8f@youku.com,Female,37
Hyacinth,Biner,hbiner8g@dell.com,Female,96
Perkin,Trapp,ptrapp8h@clickbank.net,Male,6
Ellsworth,Chadwyck,echadwyck8i@forbes.com,Male,19
Berti,Luckcuck,bluckcuck8j@google.co.uk,Female,21
Porter,Hiskey,phiskey8k@va.gov,Male,93
Cybil,Petracchi,cpetracchi8l@51.la,Female,1
Brit,Gumn,bgumn8m@homestead.com,Male,10
Gregorius,Danne,gdanne8n@vkontakte.ru,Male,78
Robyn,Sebright,rsebright8o@i2i.jp,Female,87
Jaynell,Cordeiro,jcordeiro8p@etsy.com,Female,68
Timmy,McClaurie,tmcclaurie8q@stanford.edu,Female,3
Darbee,Swatridge,dswatridge8r@dagondesign.com,Male,39
Anastassia,Bozworth,abozworth8s@salon.com,Female,80
Sollie,Riediger,sriediger8t@ihg.com,Male,30
Karlee,Jorczyk,kjorczyk8u@engadget.com,Female,55
Bernette,Giffkins,bgiffkins8v@mayoclinic.com,Female,51
Gilligan,Depport,gdepport8w@ox.ac.uk,Female,32
Moe,Tschierasche,mtschierasche8x@posterous.com,Male,77
Yorgos,Shelmardine,yshelmardine8y@wufoo.com,Male,17
Hewet,Dowda,hdowda8z@webeden.co.uk,Male,21
Renell,Antrim,rantrim90@mayoclinic.com,Female,73
Zitella,Parfett,zparfett91@google.cn,Female,84
Brooks,Lehrian,blehrian92@state.tx.us,Male,9
Cherilynn,Licquorish,clicquorish93@prlog.org,Female,86
Ryon,Forder,rforder94@ftc.gov,Male,6
Collin,Sargant,csargant95@linkedin.com,Male,30
Allayne,McLenaghan,amclenaghan96@usgs.gov,Male,9
Carita,Gramer,cgramer97@noaa.gov,Female,77
Sari,Tippin,stippin98@discovery.com,Female,78
Vanya,Lockner,vlockner99@microsoft.com,Male,75
Christin,Radmore,cradmore9a@craigslist.org,Bigender,51
Ramsay,O'Hannay,rohannay9b@quantcast.com,Male,18
Jasper,Hekkert,jhekkert9c@joomla.org,Male,88
Kerry,Capener,kcapener9d@fema.gov,Agender,54
Felice,Martinyuk,fmartinyuk9e@booking.com,Female,99
Dalis,Normaville,dnormaville9f@youtube.com,Non-binary,86
Paul,Furmagier,pfurmagier9g@weebly.com,Male,77
Cesar,Stoffels,cstoffels9h@1688.com,Male,68
Pasquale,Izzatt,pizzatt9i@businesswire.com,Male,81
Maxy,Chilver,mchilver9j@networkadvertising.org,Male,71
Aldon,Kendell,akendell9k@aol.com,Bigender,21
Arden,Merrigan,amerrigan9l@usda.gov,Female,84
Morie,Felce,mfelce9m@japanpost.jp,Male,22
Zorana,Vasilenko,zvasilenko9n@hostgator.com,Female,83
Brittani,Coultous,bcoultous9o@google.com.br,Female,83
Reider,Domenge,rdomenge9p@yellowpages.com,Agender,8
Vernon,Allington,vallington9q@symantec.com,Male,81
Melania,Witty,mwitty9r@utexas.edu,Female,79
Krissie,Broomhead,kbroomhead9s@google.de,Female,3
Sherm,Roches,sroches9t@about.me,Male,64
Torrin,Gillatt,tgillatt9u@sohu.com,Male,60
Mimi,Rennox,mrennox9v@opensource.org,Female,78
Erin,Fieldgate,efieldgate9w@livejournal.com,Female,16
Benedicto,Meagh,bmeagh9x@vistaprint.com,Male,81
Lottie,Gibbens,lgibbens9y@microsoft.com,Female,17
Damita,Lillie,dlillie9z@cam.ac.uk,Female,81
Octavius,Gateshill,ogateshilla0@devhub.com,Bigender,1
Jaymie,Puden,jpudena1@boston.com,Male,54
Nappie,Sydenham,nsydenhama2@hugedomains.com,Male,37
Dylan,Mundwell,dmundwella3@nsw.gov.au,Male,36
Rubia,Brodhead,rbrodheada4@walmart.com,Female,57
Faina,Quinet,fquineta5@facebook.com,Female,81
Robinson,Seamer,rseamera6@tripod.com,Male,30
Tedra,Douch,tdoucha7@google.ca,Female,75
Thadeus,Manville,tmanvillea8@booking.com,Male,67
Gabriell,Bazell,gbazella9@hubpages.com,Genderqueer,73
Leesa,Tison,ltisonaa@go.com,Female,14
Griselda,Etches,getchesab@paypal.com,Female,85
Bealle,Dudney,bdudneyac@wp.com,Male,95
Ximenez,Stitt,xstittad@freewebs.com,Male,51
Maisie,Lindenbluth,mlindenbluthae@amazon.de,Female,26
Ludovico,Stead,lsteadaf@blogs.com,Male,1
Vergil,Kahler,vkahlerag@etsy.com,Male,59
Osborne,Headrick,oheadrickah@w3.org,Male,83
Nataline,Vinker,nvinkerai@army.mil,Female,19
Markus,Vankeev,mvankeevaj@google.de,Male,47
Cchaddie,Fairbeard,cfairbeardak@last.fm,Male,100
Jodi,Treend,jtreendal@i2i.jp,Male,14
Newton,Culpen,nculpenam@boston.com,Male,56
Emilee,Baccas,ebaccasan@comsenz.com,Female,92
Haleigh,Boulter,hboulterao@spotify.com,Female,63
Granthem,McMorran,gmcmorranap@twitpic.com,Male,33
Stace,Gruczka,sgruczkaaq@live.com,Female,99
Arlen,Gelsthorpe,agelsthorpear@digg.com,Bigender,35
Ly,Benedidick,lbenedidickas@networksolutions.com,Male,84
Roberto,McNaught,rmcnaughtat@creativecommons.org,Male,12
Hillel,Grinstead,hgrinsteadau@indiegogo.com,Male,39
Gwenneth,Cordoba,gcordobaav@dedecms.com,Female,27
Alf,Toombs,atoombsaw@simplemachines.org,Male,94
Leia,Clemes,lclemesax@facebook.com,Female,55
Clare,McGahy,cmcgahyay@intel.com,Male,87
Jordanna,Defries,jdefriesaz@who.int,Female,96
Allissa,Dewdeny,adewdenyb0@youtu.be,Female,11
Elisha,Gilfoyle,egilfoyleb1@ow.ly,Female,20
Any,Biggs,abiggsb2@live.com,Male,28
Rick,Shulver,rshulverb3@prweb.com,Male,100
Wynnie,Dudgeon,wdudgeonb4@cbsnews.com,Female,63
Sybille,Arminger,sarmingerb5@unicef.org,Female,63
Chauncey,Parysowna,cparysownab6@cmu.edu,Male,36
Virgilio,Obin,vobinb7@furl.net,Male,64
Pattin,Lavielle,plavielleb8@skype.com,Male,51
Eugen,Whayman,ewhaymanb9@ehow.com,Male,65
Luigi,Farlamb,lfarlambba@cbc.ca,Male,59
Brendin,Folli,bfollibb@smh.com.au,Male,57
Ches,Birkbeck,cbirkbeckbc@seesaa.net,Genderfluid,86
Floria,O'Hickey,fohickeybd@ted.com,Female,93
Rafaelita,Tackley,rtackleybe@twitter.com,Female,14
Martie,Noni,mnonibf@fotki.com,Male,68
Joby,Lippiatt,jlippiattbg@blogs.com,Female,30
Prent,Sach,psachbh@odnoklassniki.ru,Male,94
Ricardo,Varne,rvarnebi@hhs.gov,Non-binary,45
Andre,Cauthra,acauthrabj@disqus.com,Male,84
Lani,De Ambrosi,ldeambrosibk@rambler.ru,Female,24
Pablo,Corns,pcornsbl@youtu.be,Male,75
Constanta,Pond-Jones,cpondjonesbm@usda.gov,Female,63
Kassey,Mackrell,kmackrellbn@dell.com,Female,67
Liza,Ogus,logusbo@shinystat.com,Female,4
Koral,Peirson,kpeirsonbp@sciencedaily.com,Female,56
Haleigh,Farley,hfarleybq@merriam-webster.com,Female,7
Malchy,Sommers,msommersbr@yolasite.com,Male,42
Seka,Cresser,scresserbs@acquirethisname.com,Female,73
Zollie,Stokes,zstokesbt@nifty.com,Non-binary,30
Farrand,Fodden,ffoddenbu@qq.com,Female,48
Bernhard,Bosley,bbosleybv@latimes.com,Male,53
Chickie,Deeble,cdeeblebw@ibm.com,Male,3
Aridatha,Manwell,amanwellbx@jigsy.com,Agender,12
Ermin,Pollie,epollieby@joomla.org,Male,58
Carmella,Tanfield,ctanfieldbz@europa.eu,Female,67
Justin,Elstow,jelstowc0@opera.com,Male,84
Stacia,Wooster,swoosterc1@bing.com,Female,88
Aleda,Daldry,adaldryc2@google.cn,Female,67
Corry,Walkowski,cwalkowskic3@jalbum.net,Female,51
Cassie,Aldam,caldamc4@google.com.hk,Female,30
Alford,Shanks,ashanksc5@salon.com,Male,36
Siobhan,Leaming,sleamingc6@goo.ne.jp,Female,15
Gris,Tozer,gtozerc7@icq.com,Male,55
Heath,Kneeland,hkneelandc8@wikimedia.org,Female,92
Nowell,Gillino,ngillinoc9@theglobeandmail.com,Male,69
Nessa,Brixey,nbrixeyca@nationalgeographic.com,Female,63
Lindsy,Semaine,lsemainecb@topsy.com,Female,60
Meghan,Peizer,mpeizercc@cbslocal.com,Genderfluid,15
Geoffrey,Berceros,gberceroscd@prnewswire.com,Male,18
Paulette,Titmus,ptitmusce@ihg.com,Polygender,39
Margarethe,Bebbell,mbebbellcf@usda.gov,Female,52
Millard,MacWilliam,mmacwilliamcg@huffingtonpost.com,Male,76
Joly,Lamb,jlambch@bigcartel.com,Agender,67
Mira,Ambrogiotti,mambrogiottici@rakuten.co.jp,Female,22
Nadiya,Georgins,ngeorginscj@businessinsider.com,Female,90
Umberto,Moxstead,umoxsteadck@booking.com,Genderfluid,35
Nita,Warcup,nwarcupcl@stumbleupon.com,Female,66
Sharai,Lacelett,slacelettcm@chronoengine.com,Non-binary,96
Connor,Bettam,cbettamcn@amazon.co.uk,Male,99
Emilio,Sandwich,esandwichco@creativecommons.org,Male,65
Mariejeanne,Ifill,mifillcp@phoca.cz,Female,7
Kienan,Sharrocks,ksharrockscq@yellowpages.com,Male,59
Reinaldos,Barnfather,rbarnfathercr@csmonitor.com,Male,54
Vaughn,Bracci,vbraccics@vistaprint.com,Male,13
Lynde,Pea,lpeact@gov.uk,Female,54
Ted,Coast,tcoastcu@archive.org,Female,14
Krystalle,Dragge,kdraggecv@jiathis.com,Female,9
Gasper,Garton,ggartoncw@clickbank.net,Male,62
Stephanie,Kean,skeancx@google.es,Female,37
Lorelei,Papierz,lpapierzcy@mozilla.com,Female,64
Erich,Tinson,etinsoncz@slate.com,Male,72
Wolfgang,Coleshill,wcoleshilld0@deliciousdays.com,Male,30
Sebastien,Wankling,swanklingd1@usda.gov,Male,62
Thibaud,Stonnell,tstonnelld2@istockphoto.com,Male,54
Reggie,Father,rfatherd3@bizjournals.com,Female,35
Milton,Scheffel,mscheffeld4@yelp.com,Genderqueer,38
Joelynn,Bemment,jbemmentd5@shop-pro.jp,Female,23
Clo,Fulbrook,cfulbrookd6@gnu.org,Female,16
Ray,Jerams,rjeramsd7@google.es,Female,81
Margeaux,D'eye,mdeyed8@infoseek.co.jp,Female,73
Libbie,Pressland,lpresslandd9@msu.edu,Female,98
Lucio,Demetr,ldemetrda@prlog.org,Male,12
Adriaens,Wesley,awesleydb@ning.com,Female,73
Louisa,Blackmore,lblackmoredc@oracle.com,Female,33
Lise,Heinreich,lheinreichdd@macromedia.com,Female,64
Shalna,Linger,slingerde@usgs.gov,Female,46
Staffard,Axe,saxedf@blogs.com,Male,44
Aguistin,Stonier,astonierdg@techcrunch.com,Male,35
Caron,Thrower,cthrowerdh@intel.com,Non-binary,1
Edith,Scogin,escogindi@flickr.com,Female,88
Darlleen,Kinnie,dkinniedj@vistaprint.com,Female,20
Birgitta,Waterhouse,bwaterhousedk@deliciousdays.com,Female,70
Victoir,Hynes,vhynesdl@mysql.com,Male,3
Bran,Quilkin,bquilkindm@privacy.gov.au,Male,70
Vlad,Hackney,vhackneydn@uiuc.edu,Male,41
Mathilde,Aland,malanddo@shop-pro.jp,Female,50
Kristal,Mallen,kmallendp@addthis.com,Female,61
Cati,Brownhall,cbrownhalldq@jugem.jp,Female,51
Reed,Wimes,rwimesdr@aol.com,Male,67
Steve,Hayth,shaythds@twitpic.com,Male,40
Pierce,Dust,pdustdt@ebay.co.uk,Polygender,36
Drucie,Madge,dmadgedu@irs.gov,Female,61
Natalie,Clougher,nclougherdv@about.me,Female,35
Fidole,Currie,fcurriedw@cnbc.com,Male,45
Gabbie,Oganesian,goganesiandx@jugem.jp,Female,87
Roderick,Goldson,rgoldsondy@vinaora.com,Male,3
Donny,Benedicto,dbenedictodz@theatlantic.com,Male,99
Jamaal,McJerrow,jmcjerrowe0@hhs.gov,Male,83
Fawnia,Couper,fcoupere1@typepad.com,Agender,54
Teena,Crombleholme,tcrombleholmee2@yahoo.com,Female,42
Kylie,Camellini,kcamellinie3@netvibes.com,Female,86
Rock,Rattenberie,rrattenberiee4@pinterest.com,Male,19
Alyssa,MacKinnon,amackinnone5@va.gov,Genderqueer,86
Fonzie,Peerman,fpeermane6@springer.com,Male,59
Marty,Brandom,mbrandome7@earthlink.net,Male,73
Palmer,Bonefant,pbonefante8@nifty.com,Male,14
Salmon,Ludovici,sludovicie9@acquirethisname.com,Male,39
Kelila,Shawl,kshawlea@scientificamerican.com,Female,60
Christophe,Pesic,cpesiceb@tinyurl.com,Male,68
Alfreda,Boyen,aboyenec@wiley.com,Female,93
Fidole,Larkby,flarkbyed@marketwatch.com,Male,65
Louie,Aggs,laggsee@nsw.gov.au,Male,100
Phaidra,Tigwell,ptigwellef@sfgate.com,Female,43
Sky,Symones,ssymoneseg@google.com.hk,Male,60
Orland,Waumsley,owaumsleyeh@unesco.org,Male,65
Alexei,McCoy,amccoyei@csmonitor.com,Male,34
Christabella,Townsend,ctownsendej@ebay.com,Female,96
Yetty,Tripet,ytripetek@slashdot.org,Female,72
Eldin,Reimer,ereimerel@ehow.com,Male,100
Ari,Gheorghie,agheorghieem@mediafire.com,Male,95
Mathilda,Steutly,msteutlyen@bandcamp.com,Female,53
Gram,Jeandot,gjeandoteo@yahoo.com,Male,69
Austin,Mcettrick,amcettrickep@g.co,Female,30
Julio,Muckloe,jmuckloeeq@mozilla.org,Male,15
Chev,Duplain,cduplainer@howstuffworks.com,Male,28
Abbot,Meiner,ameineres@wufoo.com,Male,28
Dukey,Pirrie,dpirrieet@vistaprint.com,Male,80
Rochelle,Wherton,rwhertoneu@forbes.com,Female,53
Abbie,Blue,ablueev@illinois.edu,Male,4
Eal,Stennine,estennineew@addthis.com,Male,10
Holt,Downham,hdownhamex@canalblog.com,Male,71
Hi,Martusov,hmartusovey@thetimes.co.uk,Male,28
Curcio,Graveney,cgraveneyez@salon.com,Bigender,4
Melita,Tremathick,mtremathickf0@webeden.co.uk,Female,43
Jessamyn,Varne,jvarnef1@independent.co.uk,Female,70
Radcliffe,Persich,rpersichf2@independent.co.uk,Male,74
Denys,Stallan,dstallanf3@archive.org,Female,95
Ranice,Jouannisson,rjouannissonf4@gnu.org,Female,99
Bellanca,Ranken,brankenf5@slideshare.net,Female,85
Johnny,Moncrieffe,jmoncrieffef6@about.me,Male,1
Friederike,Nicely,fnicelyf7@umich.edu,Female,42
Jorgan,Didsbury,jdidsburyf8@deliciousdays.com,Male,2
Agnesse,Ruoff,aruofff9@ibm.com,Female,14
Tyrus,Nind,tnindfa@twitpic.com,Male,72
Barbi,Buttrey,bbuttreyfb@princeton.edu,Female,54
Maryjane,Farrance,mfarrancefc@dagondesign.com,Agender,92
Flory,Sergison,fsergisonfd@chicagotribune.com,Female,67
Noam,Pietroni,npietronife@cmu.edu,Male,22
Alis,McDarmid,amcdarmidff@nba.com,Female,86
Patrice,Ongin,ponginfg@fotki.com,Female,11
Bartholemy,Farish,bfarishfh@paypal.com,Male,36
Camel,Schuster,cschusterfi@google.com.br,Female,33
Yancy,Tatchell,ytatchellfj@taobao.com,Non-binary,74
Barr,MacFarlane,bmacfarlanefk@skyrock.com,Male,1
Brady,Mufford,bmuffordfl@deliciousdays.com,Male,74
Nissy,Munnings,nmunningsfm@tamu.edu,Female,51
Jocelin,Colquitt,jcolquittfn@eepurl.com,Female,82
Dugald,Olyff,dolyfffo@illinois.edu,Male,16
Brander,Ballin,bballinfp@engadget.com,Male,38
Phil,Scurrer,pscurrerfq@omniture.com,Male,59
Sherman,Telfer,stelferfr@squidoo.com,Genderfluid,45
Merilee,Heasly,mheaslyfs@engadget.com,Female,61
Joel,Leisk,jleiskft@cmu.edu,Male,38
Cy,Minty,cmintyfu@gov.uk,Male,88
Gamaliel,Lenaghen,glenaghenfv@fda.gov,Bigender,36
Daniel,McKinty,dmckintyfw@multiply.com,Male,36
Kittie,Rawdall,krawdallfx@nationalgeographic.com,Female,71
Viv,Giddings,vgiddingsfy@vk.com,Female,55
Llewellyn,Vivyan,lvivyanfz@barnesandnoble.com,Non-binary,51
Belvia,Brisker,bbriskerg0@oakley.com,Female,71
Zonnya,Gwynne,zgwynneg1@unicef.org,Female,5
Si,Lymbourne,slymbourneg2@time.com,Male,13
Lyell,Hearmon,lhearmong3@cisco.com,Male,54
Noella,Blinde,nblindeg4@accuweather.com,Female,11
Ogdon,Swyn,oswyng5@blinklist.com,Male,74
Dallas,Lauridsen,dlauridseng6@hp.com,Female,88
Filmore,Cotte,fcotteg7@go.com,Male,69
Mose,Brodway,mbrodwayg8@time.com,Male,91
Culver,Ellissen,cellisseng9@tinypic.com,Male,18
Derrek,Degnen,ddegnenga@gravatar.com,Male,15
Etty,Old,eoldgb@cdbaby.com,Female,23
Udell,Alcorn,ualcorngc@sogou.com,Male,17
Lief,Bohlens,lbohlensgd@eventbrite.com,Male,82
Susette,Butlin,sbutlinge@webs.com,Female,64
Gisella,Brightman,gbrightmangf@tumblr.com,Female,44
Luisa,Rastall,lrastallgg@who.int,Female,65
Lek,Surridge,lsurridgegh@archive.org,Male,82
Josey,Stourton,jstourtongi@mozilla.com,Female,12
Glenn,Tortis,gtortisgj@newyorker.com,Male,7
Gardner,Philpotts,gphilpottsgk@nsw.gov.au,Bigender,49
Maia,Simukov,msimukovgl@posterous.com,Female,8
Vidovik,Linzey,vlinzeygm@eventbrite.com,Male,72
Rhodie,Demkowicz,rdemkowiczgn@storify.com,Female,71
Alberto,Blum,ablumgo@squarespace.com,Male,48
Pam,Whife,pwhifegp@opera.com,Female,62
Carleen,Lidgett,clidgettgq@vimeo.com,Female,98
Cristina,Paolillo,cpaolillogr@microsoft.com,Female,34
Torre,Leyshon,tleyshongs@nasa.gov,Male,67
Robers,Gross,rgrossgt@e-recht24.de,Male,33
Alisha,MacPake,amacpakegu@businesswire.com,Female,30
Rurik,Swadden,rswaddengv@ehow.com,Male,60
Kelsy,Goodbairn,kgoodbairngw@over-blog.com,Female,27
Tabor,Woodhead,twoodheadgx@bbb.org,Male,75
Algernon,Tunnick,atunnickgy@independent.co.uk,Male,29
Mendy,Lombard,mlombardgz@wordpress.com,Male,36
Joseph,Primett,jprimetth0@wikimedia.org,Male,87
Gerianna,Beckinsall,gbeckinsallh1@wsj.com,Female,95
Fredrick,Bodley,fbodleyh2@networksolutions.com,Male,95
Rianon,Birrane,rbirraneh3@github.com,Female,5
Roderich,Chopin,rchopinh4@earthlink.net,Male,77
Dur,Wyper,dwyperh5@europa.eu,Male,30
Scotty,Gamil,sgamilh6@theglobeandmail.com,Male,8
Dilly,Guwer,dguwerh7@scientificamerican.com,Male,88
Farley,Dalrymple,fdalrympleh8@google.com,Male,42
Perkin,Kulis,pkulish9@e-recht24.de,Non-binary,39
Blinnie,Ostler,bostlerha@oakley.com,Female,3
Reeva,Marskell,rmarskellhb@trellian.com,Polygender,38
Eran,McIlveen,emcilveenhc@cnet.com,Female,63
Sasha,Doulden,sdouldenhd@xing.com,Female,23
Blaine,Bartram,bbartramhe@google.co.uk,Male,21
Starla,Dewdney,sdewdneyhf@gizmodo.com,Female,17
Glyn,Jermy,gjermyhg@go.com,Female,36
Stewart,Luxmoore,sluxmoorehh@google.com.hk,Male,81
Howie,Cymper,hcymperhi@fema.gov,Male,4
Millisent,Fenty,mfentyhj@instagram.com,Female,90
Lynde,Watford,lwatfordhk@purevolume.com,Female,28
Tommie,Caslin,tcaslinhl@china.com.cn,Female,62
Garold,Grewar,ggrewarhm@pinterest.com,Male,50
Laurel,Ellicott,lellicotthn@mysql.com,Female,7
Aurthur,Furmedge,afurmedgeho@usda.gov,Male,16
Rourke,Dachey,rdacheyhp@pagesperso-orange.fr,Male,77
Janella,Gooddie,jgooddiehq@g.co,Genderqueer,9
Bailie,Rown,brownhr@mapy.cz,Male,23
Nealson,Ygou,nygouhs@lycos.com,Male,78
Nickey,Delbergue,ndelbergueht@cornell.edu,Male,36
Kellen,Leguay,kleguayhu@nature.com,Male,1
Jocelyne,Gulvin,jgulvinhv@plala.or.jp,Female,91
Elenore,Rainford,erainfordhw@bloglines.com,Genderfluid,23
Penny,Resdale,presdalehx@tinypic.com,Male,7
Hoebart,D'Costa,hdcostahy@acquirethisname.com,Male,57
Edwina,Tomczykiewicz,etomczykiewiczhz@marriott.com,Genderqueer,96
Pierre,Du Plantier,pduplantieri0@sun.com,Male,40
Lawton,Godball,lgodballi1@marketwatch.com,Male,90
Barney,Soldner,bsoldneri2@columbia.edu,Male,59
Marthena,Maple,mmaplei3@engadget.com,Female,74
Dedra,McComas,dmccomasi4@hatena.ne.jp,Female,5
Bryana,Sutton,bsuttoni5@wordpress.com,Female,66
Erin,Janeway,ejanewayi6@histats.com,Male,24
Idette,Ruvel,iruveli7@weather.com,Female,12
Nelie,Tewkesberry,ntewkesberryi8@booking.com,Female,48
Giustino,Poag,gpoagi9@amazonaws.com,Male,58
Collette,Spick,cspickia@pagesperso-orange.fr,Female,47
Tabb,Rennie,trennieib@51.la,Male,79
Dorey,Denington,ddeningtonic@wufoo.com,Male,80
Almire,Senogles,asenoglesid@geocities.jp,Female,70
Karmen,Kubatsch,kkubatschie@posterous.com,Female,26
Trace,Attenborrow,tattenborrowif@blinklist.com,Male,5
Steward,Tootal,stootalig@wunderground.com,Male,94
Lind,Ing,lingih@desdev.cn,Male,44
Elizabeth,Kennea,ekenneaii@mapy.cz,Female,77
Romonda,Rendall,rrendallij@msu.edu,Female,87
Marybelle,Cockerell,mcockerellik@scientificamerican.com,Female,9
Shanie,Kidwell,skidwellil@smugmug.com,Female,44
Danita,McCafferky,dmccafferkyim@ycombinator.com,Female,54
Henrieta,Brayn,hbraynin@netlog.com,Female,14
Silva,de Nore,sdenoreio@elpais.com,Female,15
Yves,Boydon,yboydonip@tripod.com,Male,61
Addy,Icom,aicomiq@storify.com,Male,53
Frazer,Pitchford,fpitchfordir@dell.com,Male,91
Ogdon,Mervyn,omervynis@sakura.ne.jp,Agender,24
Almire,Snadden,asnaddenit@blogs.com,Female,72
Manya,Boate,mboateiu@yellowbook.com,Female,18
Lisbeth,Crookshanks,lcrookshanksiv@cisco.com,Female,15
Byrle,Smethurst,bsmethurstiw@ehow.com,Male,46
Freda,McCromley,fmccromleyix@si.edu,Female,40
Dael,Ferryn,dferryniy@ow.ly,Female,55
Alan,Horbart,ahorbartiz@narod.ru,Male,91
Wilburt,Kee,wkeej0@hubpages.com,Male,77
Mick,Hought,mhoughtj1@sciencedirect.com,Male,99
Rafi,Challiss,rchallissj2@icq.com,Male,23
Kathi,Warman,kwarmanj3@homestead.com,Female,1
Patrizio,Gowdy,pgowdyj4@ucla.edu,Genderfluid,48
Burl,Gallardo,bgallardoj5@walmart.com,Male,8
Pru,Stotherfield,pstotherfieldj6@nifty.com,Female,39
Georgianna,Naper,gnaperj7@geocities.com,Female,41
Karlotta,Hartlebury,khartleburyj8@youtu.be,Female,95
Karlotta,Larcher,klarcherj9@dropbox.com,Female,30
Bernetta,Siburn,bsiburnja@weibo.com,Female,49
Yolande,Garstan,ygarstanjb@msn.com,Female,23
Yanaton,Kingswell,ykingswelljc@dropbox.com,Polygender,94
Ario,Cleminshaw,acleminshawjd@examiner.com,Male,2
Hall,Putley,hputleyje@php.net,Male,11
Caz,Busst,cbusstjf@newsvine.com,Male,56
Karlis,Bloy,kbloyjg@cbc.ca,Male,10
Giralda,Doy,gdoyjh@patch.com,Female,67
Flory,Clohessy,fclohessyji@ox.ac.uk,Male,58
Job,Iwanowski,jiwanowskijj@businessinsider.com,Male,54
Inness,Grigolon,igrigolonjk@europa.eu,Male,5
Nevil,Vokins,nvokinsjl@cocolog-nifty.com,Male,51
Northrup,Prahl,nprahljm@comsenz.com,Male,14
Edmund,Kluger,eklugerjn@dell.com,Male,58
Wolfie,Quidenham,wquidenhamjo@timesonline.co.uk,Male,77
Tessy,Scola,tscolajp@list-manage.com,Female,76
Fiann,Cleobury,fcleoburyjq@deliciousdays.com,Female,26
Freemon,Crippill,fcrippilljr@state.gov,Male,83
Zondra,Kelledy,zkelledyjs@surveymonkey.com,Genderqueer,12
Tiffanie,Petyakov,tpetyakovjt@tiny.cc,Female,34
Hedvige,Brenard,hbrenardju@businessweek.com,Female,52
Harcourt,Sute,hsutejv@google.co.uk,Male,89
Judi,Pyer,jpyerjw@cyberchimps.com,Female,57
Karilynn,Rapkins,krapkinsjx@japanpost.jp,Female,25
Roman,Hansed,rhansedjy@latimes.com,Male,85
Katti,Nield,knieldjz@posterous.com,Female,89
Jody,Measey,jmeaseyk0@nytimes.com,Male,78
Sara-ann,Smullen,ssmullenk1@slideshare.net,Bigender,61
Hallie,Gook,hgookk2@webs.com,Non-binary,88
Herrick,Ferraretto,hferrarettok3@va.gov,Male,73
Mandy,Aleksankin,maleksankink4@amazon.co.uk,Female,88
Udale,Hutsby,uhutsbyk5@edublogs.org,Bigender,30
Andy,Highman,ahighmank6@jigsy.com,Female,52
Godfrey,Fawdry,gfawdryk7@opensource.org,Male,12
Peadar,Escot,pescotk8@infoseek.co.jp,Male,79
Alexio,Ewenson,aewensonk9@prnewswire.com,Male,31
Shadow,Osichev,sosichevka@wunderground.com,Male,100
Pollyanna,Spitell,pspitellkb@cdc.gov,Female,92
Tad,Hambling,thamblingkc@free.fr,Male,13
Cherilyn,Hunnicutt,chunnicuttkd@imdb.com,Female,54
Chip,Scriven,cscrivenke@networkadvertising.org,Male,45
Wells,Normanvill,wnormanvillkf@army.mil,Male,87
Wenda,Maudsley,wmaudsleykg@gmpg.org,Female,39
Bill,Cumpsty,bcumpstykh@icq.com,Female,85
Lenci,Hair,lhairki@addtoany.com,Male,28
Cordy,Babcock,cbabcockkj@wordpress.com,Female,95
Andy,Molian,amoliankk@slideshare.net,Female,60
Stephi,Snowding,ssnowdingkl@ft.com,Female,10
Tammara,Pochon,tpochonkm@dell.com,Female,39
Faydra,France,ffrancekn@bravesites.com,Female,17
Patti,Bossel,pbosselko@mayoclinic.com,Female,20
Osbert,Vyvyan,ovyvyankp@acquirethisname.com,Genderfluid,100
Benny,Wandtke,bwandtkekq@admin.ch,Male,70
Con,Esbrook,cesbrookkr@rambler.ru,Genderfluid,62
Fonz,Randalston,frandalstonks@senate.gov,Male,33
Annabela,Prawle,aprawlekt@github.io,Female,14
Elka,Livingston,elivingstonku@hostgator.com,Genderqueer,75
Dalila,De Bruijne,ddebruijnekv@guardian.co.uk,Female,26
Tonia,Treadway,ttreadwaykw@squarespace.com,Female,10
Mimi,Vearncomb,mvearncombkx@wired.com,Female,71
Vinni,Bruntjen,vbruntjenky@4shared.com,Agender,23
Noe,Vasser,nvasserkz@nbcnews.com,Male,19
Mahalia,Grishkov,mgrishkovl0@tmall.com,Female,90
Anastasie,Kimpton,akimptonl1@w3.org,Female,40
Juliane,Cartmael,jcartmaell2@homestead.com,Female,36
Ruy,Addyman,raddymanl3@barnesandnoble.com,Male,19
Ferrell,Hawe,fhawel4@telegraph.co.uk,Genderfluid,84
Ranice,Bowery,rboweryl5@yale.edu,Female,73
Walton,Minchi,wminchil6@cisco.com,Male,30
Ellyn,Alesi,ealesil7@is.gd,Female,32
Edwin,Plackstone,eplackstonel8@networksolutions.com,Male,35
Tansy,Collcott,tcollcottl9@yolasite.com,Female,89
Sutton,Traylen,straylenla@epa.gov,Male,12
Lowe,Le Marquis,llemarquislb@biglobe.ne.jp,Male,23
Shannah,Marron,smarronlc@tripod.com,Female,3
Andonis,Gatrell,agatrellld@constantcontact.com,Male,39
Reade,Emlin,remlinle@godaddy.com,Male,32
Freddy,Hemeret,fhemeretlf@tuttocitta.it,Male,32
Filippa,Derye-Barrett,fderyebarrettlg@usnews.com,Female,88
Sergei,Catlow,scatlowlh@simplemachines.org,Male,45
Anthia,Dibdall,adibdallli@alibaba.com,Female,43
Theo,Wolver,twolverlj@skyrock.com,Female,40
Filmore,Chaudhry,fchaudhrylk@odnoklassniki.ru,Male,53
Charlot,de Najera,cdenajerall@hud.gov,Female,97
Sherline,Ellershaw,sellershawlm@shutterfly.com,Female,34
Carmelia,Berrey,cberreyln@newyorker.com,Agender,62
Drud,Feehely,dfeehelylo@go.com,Male,93
Mehetabel,Hannigan,mhanniganlp@ibm.com,Female,81
Clarie,Sprules,cspruleslq@google.cn,Female,47
Junie,Stamp,jstamplr@vinaora.com,Female,7
Darill,Maskrey,dmaskreyls@geocities.com,Male,17
Agnese,Gallelli,agallellilt@123-reg.co.uk,Female,36
Aleen,Seeler,aseelerlu@chronoengine.com,Female,73
Booth,Feehily,bfeehilylv@narod.ru,Male,83
Addy,Croxton,acroxtonlw@google.co.jp,Female,24
Jacklyn,Crosscombe,jcrosscombelx@stanford.edu,Female,49
Ive,Tomaskunas,itomaskunasly@comcast.net,Male,85
Nilson,Crippes,ncrippeslz@wisc.edu,Male,6
Sayre,Gissop,sgissopm0@mayoclinic.com,Male,86
Natka,Stroud,nstroudm1@illinois.edu,Female,45
Cherri,Reuble,creublem2@smugmug.com,Female,75
Catina,Schumacher,cschumacherm3@disqus.com,Female,96
Matias,Roddell,mroddellm4@elpais.com,Male,27
Tessy,Detloff,tdetloffm5@theglobeandmail.com,Female,33
Callida,Dash,cdashm6@sitemeter.com,Female,74
Mandy,Tillard,mtillardm7@clickbank.net,Female,38
Cull,O'Harney,coharneym8@moonfruit.com,Male,37
Micheal,Colbrun,mcolbrunm9@boston.com,Male,17
Shaun,Foley,sfoleyma@seesaa.net,Female,90
Pammi,Vautin,pvautinmb@nymag.com,Female,79
Vanya,Claypole,vclaypolemc@elpais.com,Male,5
Rabi,Bardnam,rbardnammd@ameblo.jp,Male,96
Rorie,Barbisch,rbarbischme@adobe.com,Female,60
Sloan,Mountfort,smountfortmf@cornell.edu,Male,42
Yvette,Glew,yglewmg@newsvine.com,Female,90
Courtnay,Beushaw,cbeushawmh@netscape.com,Male,22
Elyse,Scutcheon,escutcheonmi@tinypic.com,Agender,5
Minta,Black,mblackmj@java.com,Female,42
Gussy,Lenton,glentonmk@salon.com,Female,77
Chrysa,Fortun,cfortunml@go.com,Female,70
Ginny,Drake,gdrakemm@irs.gov,Female,30
Mata,Flowith,mflowithmn@rakuten.co.jp,Genderfluid,29
Rosemary,Vernau,rvernaumo@berkeley.edu,Female,4
Elizabet,Iacovozzo,eiacovozzomp@mapy.cz,Female,62
Suzann,Harwin,sharwinmq@zdnet.com,Female,13
Giorgi,Lassell,glassellmr@t.co,Male,61
Renate,Quarrie,rquarriems@wikipedia.org,Female,26
Wiatt,Rounds,wroundsmt@rediff.com,Male,42
Maire,Dawby,mdawbymu@oracle.com,Female,32
Dave,Sugarman,dsugarmanmv@usda.gov,Male,79
Mikkel,Dexter,mdextermw@wp.com,Male,69
Doyle,Cordelle,dcordellemx@ucoz.ru,Male,73
Lennard,Tippler,ltipplermy@devhub.com,Male,23
Windham,Keuning,wkeuningmz@cornell.edu,Male,46
Dixie,Lambertini,dlambertinin0@google.com,Female,90
Sarette,Klaves,sklavesn1@mac.com,Female,33
Leigh,Rennard,lrennardn2@163.com,Female,76
Logan,Lippitt,llippittn3@is.gd,Male,93
Ardyth,Reglar,areglarn4@icio.us,Female,89
Kristoforo,Mereweather,kmereweathern5@sun.com,Male,69
Wilbert,Gardener,wgardenern6@google.nl,Male,32
Boonie,MacGill,bmacgilln7@arizona.edu,Male,8
Turner,Eilhertsen,teilhertsenn8@home.pl,Male,5
Eliza,Heisman,eheismann9@mozilla.com,Female,43
Orton,Shillinglaw,oshillinglawna@netvibes.com,Male,39
Bogart,Maty,bmatynb@illinois.edu,Male,41
Harley,Walden,hwaldennc@prweb.com,Male,59
Ola,Chettle,ochettlend@vk.com,Female,18
Kiley,Molnar,kmolnarne@cbc.ca,Female,11
Matias,Curdell,mcurdellnf@nih.gov,Male,65
Lazar,Mathes,lmathesng@auda.org.au,Male,40
John,Leitche,jleitchenh@tinypic.com,Male,43
Aurie,Hadrill,ahadrillni@w3.org,Female,20
Alwin,Froome,afroomenj@g.co,Male,35
Alfy,Delieu,adelieunk@timesonline.co.uk,Male,79
Ajay,Sextie,asextienl@irs.gov,Female,66
Garland,Sollon,gsollonnm@prweb.com,Female,10
Dwayne,Harcarse,dharcarsenn@bbc.co.uk,Male,4
Mitzi,Peris,mperisno@uol.com.br,Polygender,88
Suellen,Keerl,skeerlnp@studiopress.com,Female,42
Corri,Almey,calmeynq@uol.com.br,Female,62
Claudio,Carman,ccarmannr@123-reg.co.uk,Genderfluid,88
Lothaire,Baldack,lbaldackns@wufoo.com,Male,12
Goldy,Lidgely,glidgelynt@time.com,Female,70
Noni,Fredi,nfredinu@hugedomains.com,Female,1
Ryann,Kennifeck,rkennifecknv@typepad.com,Female,39
Tybie,Haller,thallernw@ibm.com,Female,9
Letitia,Marking,lmarkingnx@usatoday.com,Non-binary,91
Farrah,Berndt,fberndtny@timesonline.co.uk,Female,93
Julie,Forrestor,jforrestornz@earthlink.net,Female,39
Delbert,Sherer,dsherero0@biglobe.ne.jp,Male,21
Neill,Baldoni,nbaldonio1@unblog.fr,Male,35
Killy,Blannin,kblannino2@netvibes.com,Male,40
Em,Millichip,emillichipo3@hatena.ne.jp,Female,2
Alysia,Riddock,ariddocko4@webs.com,Female,89
Riva,Manshaw,rmanshawo5@wunderground.com,Female,6
Briant,Lane,blaneo6@wordpress.com,Male,73
Darren,Ubsdell,dubsdello7@com.com,Male,20
Gerardo,Rawcliffe,grawcliffeo8@unblog.fr,Male,78
Susannah,Dyott,sdyotto9@cafepress.com,Female,90
Catharina,Hopkins,chopkinsoa@wikimedia.org,Female,64
Mariann,Jickles,mjicklesob@ustream.tv,Polygender,20
Sheffield,Shawl,sshawloc@forbes.com,Male,81
Leyla,Dulake,ldulakeod@nationalgeographic.com,Female,33
Morey,Koche,mkocheoe@engadget.com,Male,40
Ainsley,Duthie,aduthieof@livejournal.com,Female,82
Stavro,MacKay,smackayog@google.it,Male,4
Morty,Georgel,mgeorgeloh@cdbaby.com,Male,43
Pauly,Lenin,pleninoi@theatlantic.com,Male,40
Travis,Gravenall,tgravenalloj@cbc.ca,Polygender,68
Becki,Bollum,bbollumok@google.ca,Female,4
Carmel,McEllen,cmcellenol@wisc.edu,Female,26
Ame,Thunder,athunderom@istockphoto.com,Female,67
Myles,Fromant,mfromanton@amazon.de,Male,59
Sean,Fullerd,sfullerdoo@businessweek.com,Male,15
Sloan,Martelet,smarteletop@nhs.uk,Male,99
Lydia,Grosier,lgrosieroq@wikimedia.org,Female,30
Udale,Elfitt,uelfittor@jiathis.com,Male,39
Whittaker,Roberson,wrobersonos@nytimes.com,Bigender,70
Diane,Barnson,dbarnsonot@state.gov,Female,8
Valli,O'Fearguise,vofearguiseou@samsung.com,Female,86
Rick,Simcoe,rsimcoeov@bbc.co.uk,Male,65
Jethro,Lown,jlownow@rakuten.co.jp,Male,16
Kiah,Kollas,kkollasox@ustream.tv,Female,54
Celinda,Flaxman,cflaxmanoy@sun.com,Agender,79
Matias,Longford,mlongfordoz@istockphoto.com,Genderqueer,34
Sherlock,Coulsen,scoulsenp0@epa.gov,Male,86
Patty,McGibbon,pmcgibbonp1@ft.com,Female,70
Ardella,Botton,abottonp2@toplist.cz,Genderqueer,7
Fayre,Gatteridge,fgatteridgep3@japanpost.jp,Female,20
Balduin,Dobbison,bdobbisonp4@paypal.com,Male,92
Neala,Tiffin,ntiffinp5@comcast.net,Female,38
Paten,Klug,pklugp6@chicagotribune.com,Non-binary,29
Marlo,Spilsburie,mspilsburiep7@g.co,Female,88
Dorian,Tattersfield,dtattersfieldp8@archive.org,Female,25
Mattias,Biggerstaff,mbiggerstaffp9@amazonaws.com,Male,45
Lilly,Vannini,lvanninipa@mashable.com,Female,86
Boris,Krauss,bkrausspb@last.fm,Male,38
Saraann,Alcott,salcottpc@ustream.tv,Female,94
Hedvige,Jeary,hjearypd@huffingtonpost.com,Female,32
Adolpho,Minshull,aminshullpe@eventbrite.com,Male,82
Talya,Ogle,toglepf@canalblog.com,Female,100
Sumner,Mower,smowerpg@google.fr,Male,79
Linnet,Wake,lwakeph@vkontakte.ru,Non-binary,13
Letti,Napoleon,lnapoleonpi@wikipedia.org,Polygender,46
Taite,Eim,teimpj@4shared.com,Male,17
Kellina,O' Mahony,komahonypk@ca.gov,Female,20
Mufinella,Morter,mmorterpl@rambler.ru,Female,52
Merrill,Ibell,mibellpm@msn.com,Male,61
Marjy,Oxbrough,moxbroughpn@redcross.org,Female,42
Eolanda,Dobrowski,edobrowskipo@theglobeandmail.com,Female,84
Winslow,Riep,wrieppp@drupal.org,Male,77
Haslett,Dake,hdakepq@statcounter.com,Male,11
Pryce,Dinnies,pdinniespr@hexun.com,Male,70
Agustin,MacAlroy,amacalroyps@netlog.com,Male,9
Cob,Blann,cblannpt@csmonitor.com,Male,73
Joanne,O'Gaven,jogavenpu@sciencedirect.com,Female,10
Hedy,Celiz,hcelizpv@dailymotion.com,Female,7
Ryan,Pawley,rpawleypw@hao123.com,Male,88
Jack,Ellerker,jellerkerpx@t.co,Male,59
Brittaney,Gladtbach,bgladtbachpy@tumblr.com,Female,57
Ruthi,Libero,rliberopz@qq.com,Female,16
Sunny,Stegel,sstegelq0@wikispaces.com,Female,48
Leta,Broadis,lbroadisq1@berkeley.edu,Female,43
Bondon,Concklin,bconcklinq2@illinois.edu,Male,84
Heinrik,Andell,handellq3@yolasite.com,Male,12
Dorene,Holtaway,dholtawayq4@hubpages.com,Female,30
Herminia,Pothergill,hpothergillq5@topsy.com,Female,98
Leslie,Twigger,ltwiggerq6@topsy.com,Male,78
Silvester,Ziemens,sziemensq7@barnesandnoble.com,Male,56
Nora,Duguid,nduguidq8@bigcartel.com,Female,65
King,Egglestone,kegglestoneq9@discuz.net,Male,3
Ami,Dell Casa,adellcasaqa@tmall.com,Female,63
Eddy,Traylen,etraylenqb@parallels.com,Male,99
Cristobal,Dobinson,cdobinsonqc@goo.ne.jp,Male,35
Rodolphe,Hiseman,rhisemanqd@hugedomains.com,Male,46
Niccolo,Casero,ncaseroqe@ca.gov,Male,32
Dita,Pitblado,dpitbladoqf@spotify.com,Female,16
Ansell,Handley,ahandleyqg@ezinearticles.com,Male,41
Merv,Mortel,mmortelqh@yolasite.com,Male,82
Alasdair,Jasik,ajasikqi@oaic.gov.au,Agender,62
Jasun,Seabon,jseabonqj@fotki.com,Male,23
Shaw,Franceschino,sfranceschinoqk@typepad.com,Male,48
Reyna,Iron,rironql@privacy.gov.au,Female,70
Miriam,Brogini,mbroginiqm@fda.gov,Female,27
Haily,Adamiec,hadamiecqn@mlb.com,Male,41
Catherine,Weightman,cweightmanqo@hostgator.com,Female,43
Donnamarie,Bowskill,dbowskillqp@redcross.org,Female,91
Robbin,Gates,rgatesqq@bluehost.com,Female,64
Christy,Goodnow,cgoodnowqr@parallels.com,Male,75
Javier,Eburne,jeburneqs@soup.io,Male,88
Sherm,Millar,smillarqt@twitter.com,Male,80
Bent,Extance,bextancequ@typepad.com,Male,60
Paule,Bingley,pbingleyqv@booking.com,Female,89
Maggie,Pimlott,mpimlottqw@cmu.edu,Female,8
Matilde,Mendel,mmendelqx@tiny.cc,Female,84
Hazel,Oakton,hoaktonqy@java.com,Female,80
Sherlock,Stonnell,sstonnellqz@slideshare.net,Male,9
Malinde,Dainton,mdaintonr0@naver.com,Female,20
Falkner,Cescoti,fcescotir1@digg.com,Male,63
Dill,Grigoli,dgrigolir2@barnesandnoble.com,Male,87
Noble,Waind,nwaindr3@upenn.edu,Male,38
Anette,Pell,apellr4@chronoengine.com,Female,55
Nixie,Beeze,nbeezer5@hud.gov,Female,18
Ara,Vasilischev,avasilischevr6@spotify.com,Male,68
Vidovic,Faithfull,vfaithfullr7@msu.edu,Male,33
Davis,Castagnier,dcastagnierr8@sun.com,Male,18
Shaun,Shuttlewood,sshuttlewoodr9@hao123.com,Female,27
Elwira,Culcheth,eculchethra@tuttocitta.it,Female,68
Albert,Bellchamber,abellchamberrb@ed.gov,Male,61
Terza,Dradey,tdradeyrc@usgs.gov,Female,61
Joe,Antrim,jantrimrd@google.nl,Male,61
Redd,Kedward,rkedwardre@hao123.com,Male,30
Meir,Moody,mmoodyrf@domainmarket.com,Male,92
Matilda,Ghilardini,mghilardinirg@elpais.com,Female,86
Hilde,Joul,hjoulrh@newsvine.com,Female,37
Luella,Brace,lbraceri@jiathis.com,Female,74
Bamby,Milvarnie,bmilvarnierj@mail.ru,Female,18
Dickie,Wrist,dwristrk@addtoany.com,Male,5
Johnnie,Unstead,junsteadrl@imageshack.us,Male,48
Jeralee,Kentwell,jkentwellrm@tripadvisor.com,Female,57
Borden,Bent,bbentrn@infoseek.co.jp,Male,5
Aleta,Rudiger,arudigerro@yandex.ru,Female,98
Mariam,Currm,mcurrmrp@goo.ne.jp,Female,65
Whittaker,Rawstron,wrawstronrq@thetimes.co.uk,Male,99
Heda,Clowney,hclowneyrr@state.gov,Female,3
